{
  "郑州": [
    113.64964385,
    34.7566100641
  ],
  "开封": [
    114.351642118,
    34.8018541758
  ],
  "洛阳": [
    112.447524769,
    34.6573678177
  ],
  "平顶山": [
    113.300848978,
    33.7453014565
  ],
  "安阳": [
    114.351806508,
    36.1102667222
  ],
  "鹤壁": [
    114.297769838,
    35.7554258742
  ],
  "新乡": [
    113.912690161,
    35.3072575577
  ],
  "焦作": [
    113.211835885,
    35.234607555
  ],
  "濮阳": [
    115.026627441,
    35.7532978882
  ],
  "漯河": [
    114.0460614,
    33.5762786885
  ],
  "三门峡": [
    111.181262093,
    34.7833199411
  ],
  "南阳": [
    112.542841901,
    33.0114195691
  ],
  "商丘": [
    115.641885688,
    34.4385886402
  ],
  "信阳": [
    114.085490993,
    32.1285823075
  ],
  "周口": [
    114.654101942,
    33.6237408181
  ],
  "许昌": [
    113.83531246,
    34.0267395887
  ],
  "驻马店": [
    114.049153547,
    32.9831581541
  ]
}